瘤痢,瘤痢疙,老矫,泅瘤扁拘(hPa)
156,堡林,2021-05-01 00:00,998
156,堡林,2021-05-01 01:00,997.5
156,堡林,2021-05-01 02:00,997.1
156,堡林,2021-05-01 03:00,995.9
156,堡林,2021-05-01 04:00,995.2
156,堡林,2021-05-01 05:00,995.8
156,堡林,2021-05-01 06:00,996.4
156,堡林,2021-05-01 07:00,997.4
156,堡林,2021-05-01 08:00,998.3
156,堡林,2021-05-01 09:00,998.4
156,堡林,2021-05-01 10:00,999
156,堡林,2021-05-01 11:00,999.4
156,堡林,2021-05-01 12:00,999.5
156,堡林,2021-05-01 13:00,999.4
156,堡林,2021-05-01 14:00,999.6
156,堡林,2021-05-01 15:00,999.5
156,堡林,2021-05-01 16:00,999.7
156,堡林,2021-05-01 17:00,1000
156,堡林,2021-05-01 18:00,1000.8
156,堡林,2021-05-01 19:00,1001.8
156,堡林,2021-05-01 20:00,1002.5
156,堡林,2021-05-01 21:00,1003.4
156,堡林,2021-05-01 22:00,1003.9
156,堡林,2021-05-01 23:00,1003.9
156,堡林,2021-05-02 00:00,1003.5
156,堡林,2021-05-02 01:00,1003.4
156,堡林,2021-05-02 02:00,1003.8
156,堡林,2021-05-02 03:00,1004.2
156,堡林,2021-05-02 04:00,1004.3
156,堡林,2021-05-02 05:00,1004.8
156,堡林,2021-05-02 06:00,1005.4
156,堡林,2021-05-02 07:00,1006.4
156,堡林,2021-05-02 08:00,1007.3
156,堡林,2021-05-02 09:00,1008.1
156,堡林,2021-05-02 10:00,1009.3
156,堡林,2021-05-02 11:00,1009.3
156,堡林,2021-05-02 12:00,1009.5
156,堡林,2021-05-02 13:00,1009.2
156,堡林,2021-05-02 14:00,1009.3
156,堡林,2021-05-02 15:00,1008.9
156,堡林,2021-05-02 16:00,1009
156,堡林,2021-05-02 17:00,1009.3
156,堡林,2021-05-02 18:00,1009.2
156,堡林,2021-05-02 19:00,1009.4
156,堡林,2021-05-02 20:00,1010.5
156,堡林,2021-05-02 21:00,1011.7
156,堡林,2021-05-02 22:00,1012.2
156,堡林,2021-05-02 23:00,1012.3
156,堡林,2021-05-03 00:00,1011.9
156,堡林,2021-05-03 01:00,1011.8
156,堡林,2021-05-03 02:00,1012
156,堡林,2021-05-03 03:00,1012
156,堡林,2021-05-03 04:00,1011.6
156,堡林,2021-05-03 05:00,1011.4
156,堡林,2021-05-03 06:00,1011.8
156,堡林,2021-05-03 07:00,1012.2
156,堡林,2021-05-03 08:00,1012.4
156,堡林,2021-05-03 09:00,1012.5
156,堡林,2021-05-03 10:00,1012.1
156,堡林,2021-05-03 11:00,1011.7
156,堡林,2021-05-03 12:00,1010.8
156,堡林,2021-05-03 13:00,1010
156,堡林,2021-05-03 14:00,1009.2
156,堡林,2021-05-03 15:00,1008.3
156,堡林,2021-05-03 16:00,1008.1
156,堡林,2021-05-03 17:00,1007.9
156,堡林,2021-05-03 18:00,1007.9
156,堡林,2021-05-03 19:00,1007.9
156,堡林,2021-05-03 20:00,1008.5
156,堡林,2021-05-03 21:00,1009.3
156,堡林,2021-05-03 22:00,1009.4
156,堡林,2021-05-03 23:00,1008.9
156,堡林,2021-05-04 00:00,1008.4
156,堡林,2021-05-04 01:00,1008.8
156,堡林,2021-05-04 02:00,1008.7
156,堡林,2021-05-04 03:00,1008.3
156,堡林,2021-05-04 04:00,1007.8
156,堡林,2021-05-04 05:00,1007.2
156,堡林,2021-05-04 06:00,1006.7
156,堡林,2021-05-04 07:00,1006.6
156,堡林,2021-05-04 08:00,1006
156,堡林,2021-05-04 09:00,1005.6
156,堡林,2021-05-04 10:00,1004.8
156,堡林,2021-05-04 11:00,1004.2
156,堡林,2021-05-04 12:00,1003.9
156,堡林,2021-05-04 13:00,1003.1
156,堡林,2021-05-04 14:00,1002.4
156,堡林,2021-05-04 15:00,1000.5
156,堡林,2021-05-04 16:00,998.8
156,堡林,2021-05-04 17:00,997.6
156,堡林,2021-05-04 18:00,996.9
156,堡林,2021-05-04 19:00,996.2
156,堡林,2021-05-04 20:00,996
156,堡林,2021-05-04 21:00,996.2
156,堡林,2021-05-04 22:00,996.4
156,堡林,2021-05-04 23:00,997
156,堡林,2021-05-05 00:00,998.3
156,堡林,2021-05-05 01:00,998.8
156,堡林,2021-05-05 02:00,1000.1
156,堡林,2021-05-05 03:00,1000.7
156,堡林,2021-05-05 04:00,1001.3
156,堡林,2021-05-05 05:00,1002.5
156,堡林,2021-05-05 06:00,1003.5
156,堡林,2021-05-05 07:00,1004.4
156,堡林,2021-05-05 08:00,1005.3
156,堡林,2021-05-05 09:00,1006.3
156,堡林,2021-05-05 10:00,1005.9
156,堡林,2021-05-05 11:00,1006.4
156,堡林,2021-05-05 12:00,1007
156,堡林,2021-05-05 13:00,1007
156,堡林,2021-05-05 14:00,1007
156,堡林,2021-05-05 15:00,1007
156,堡林,2021-05-05 16:00,1007.3
156,堡林,2021-05-05 17:00,1007.7
156,堡林,2021-05-05 18:00,1008.4
156,堡林,2021-05-05 19:00,1009.1
156,堡林,2021-05-05 20:00,1009.9
156,堡林,2021-05-05 21:00,1010.6
156,堡林,2021-05-05 22:00,1011.1
156,堡林,2021-05-05 23:00,1011.3
156,堡林,2021-05-06 00:00,1011.3
156,堡林,2021-05-06 01:00,1011.1
156,堡林,2021-05-06 02:00,1011
156,堡林,2021-05-06 03:00,1010.9
156,堡林,2021-05-06 04:00,1010.5
156,堡林,2021-05-06 05:00,1010.4
156,堡林,2021-05-06 06:00,1011
156,堡林,2021-05-06 07:00,1011.3
156,堡林,2021-05-06 08:00,1011.3
156,堡林,2021-05-06 09:00,1011
156,堡林,2021-05-06 10:00,1010.6
156,堡林,2021-05-06 11:00,1010.3
156,堡林,2021-05-06 12:00,1009.7
156,堡林,2021-05-06 13:00,1009
156,堡林,2021-05-06 14:00,1008.6
156,堡林,2021-05-06 15:00,1007.6
156,堡林,2021-05-06 16:00,1007
156,堡林,2021-05-06 17:00,1006.9
156,堡林,2021-05-06 18:00,1006.3
156,堡林,2021-05-06 19:00,1006.9
156,堡林,2021-05-06 20:00,1007
156,堡林,2021-05-06 21:00,1006.6
156,堡林,2021-05-06 22:00,1006.3
156,堡林,2021-05-06 23:00,1005.6
156,堡林,2021-05-07 00:00,1005.2
156,堡林,2021-05-07 01:00,1004
156,堡林,2021-05-07 02:00,1003.6
156,堡林,2021-05-07 03:00,1002.9
156,堡林,2021-05-07 04:00,1002.2
156,堡林,2021-05-07 05:00,1001.8
156,堡林,2021-05-07 06:00,1001.1
156,堡林,2021-05-07 07:00,1001.4
156,堡林,2021-05-07 08:00,1001
156,堡林,2021-05-07 09:00,1000.6
156,堡林,2021-05-07 10:00,999.8
156,堡林,2021-05-07 11:00,999.5
156,堡林,2021-05-07 12:00,999.5
156,堡林,2021-05-07 13:00,998.9
156,堡林,2021-05-07 14:00,999.2
156,堡林,2021-05-07 15:00,999.9
156,堡林,2021-05-07 16:00,999.6
156,堡林,2021-05-07 17:00,999.8
156,堡林,2021-05-07 18:00,1000.7
156,堡林,2021-05-07 19:00,1001.6
156,堡林,2021-05-07 20:00,1001.9
156,堡林,2021-05-07 21:00,1002.2
156,堡林,2021-05-07 22:00,1002
156,堡林,2021-05-07 23:00,1001.9
156,堡林,2021-05-08 00:00,1002.1
156,堡林,2021-05-08 01:00,1002
156,堡林,2021-05-08 02:00,1001.8
156,堡林,2021-05-08 03:00,1001.6
156,堡林,2021-05-08 04:00,1001.5
156,堡林,2021-05-08 05:00,1001
156,堡林,2021-05-08 06:00,1000.4
156,堡林,2021-05-08 07:00,1000.3
156,堡林,2021-05-08 08:00,1000.5
156,堡林,2021-05-08 09:00,1000.3
156,堡林,2021-05-08 10:00,999.8
156,堡林,2021-05-08 11:00,999
156,堡林,2021-05-08 12:00,998.1
156,堡林,2021-05-08 13:00,997
156,堡林,2021-05-08 14:00,996.3
156,堡林,2021-05-08 15:00,995.7
156,堡林,2021-05-08 16:00,995.1
156,堡林,2021-05-08 17:00,994.8
156,堡林,2021-05-08 18:00,995
156,堡林,2021-05-08 19:00,995.9
156,堡林,2021-05-08 20:00,996.9
156,堡林,2021-05-08 21:00,997.8
156,堡林,2021-05-08 22:00,998.6
156,堡林,2021-05-08 23:00,999.2
156,堡林,2021-05-09 00:00,999.6
156,堡林,2021-05-09 01:00,999.6
156,堡林,2021-05-09 02:00,999.8
156,堡林,2021-05-09 03:00,1000
156,堡林,2021-05-09 04:00,1000.3
156,堡林,2021-05-09 05:00,1001
156,堡林,2021-05-09 06:00,1001.7
156,堡林,2021-05-09 07:00,1002.7
156,堡林,2021-05-09 08:00,1003.2
156,堡林,2021-05-09 09:00,1003.3
156,堡林,2021-05-09 10:00,1003.9
156,堡林,2021-05-09 11:00,1003.9
156,堡林,2021-05-09 12:00,1003.4
156,堡林,2021-05-09 13:00,1003.1
156,堡林,2021-05-09 14:00,1002.7
156,堡林,2021-05-09 15:00,1002.3
156,堡林,2021-05-09 16:00,1002.1
156,堡林,2021-05-09 17:00,1001.9
156,堡林,2021-05-09 18:00,1001.8
156,堡林,2021-05-09 19:00,1001.9
156,堡林,2021-05-09 20:00,1002.6
156,堡林,2021-05-09 21:00,1003.2
156,堡林,2021-05-09 22:00,1003.4
156,堡林,2021-05-09 23:00,1003.6
156,堡林,2021-05-10 00:00,1003.7
156,堡林,2021-05-10 01:00,1003.9
156,堡林,2021-05-10 02:00,1003.4
156,堡林,2021-05-10 03:00,1003.3
156,堡林,2021-05-10 04:00,1003
156,堡林,2021-05-10 05:00,1003
156,堡林,2021-05-10 06:00,1003.3
156,堡林,2021-05-10 07:00,1004
156,堡林,2021-05-10 08:00,1004.6
156,堡林,2021-05-10 09:00,1004.7
156,堡林,2021-05-10 10:00,1005.2
156,堡林,2021-05-10 11:00,1004.2
156,堡林,2021-05-10 12:00,1003.3
156,堡林,2021-05-10 13:00,1003.1
156,堡林,2021-05-10 14:00,1003.6
156,堡林,2021-05-10 15:00,1002.7
156,堡林,2021-05-10 16:00,1002.7
156,堡林,2021-05-10 17:00,1002.9
156,堡林,2021-05-10 18:00,1002
156,堡林,2021-05-10 19:00,1002.3
156,堡林,2021-05-10 20:00,1002.2
156,堡林,2021-05-10 21:00,1003.6
156,堡林,2021-05-10 22:00,1004.2
156,堡林,2021-05-10 23:00,1004.9
156,堡林,2021-05-11 00:00,1003.9
156,堡林,2021-05-11 01:00,1003.4
156,堡林,2021-05-11 02:00,1003.7
156,堡林,2021-05-11 03:00,1003.3
156,堡林,2021-05-11 04:00,1002.7
156,堡林,2021-05-11 05:00,1002.9
156,堡林,2021-05-11 06:00,1003
156,堡林,2021-05-11 07:00,1003.5
156,堡林,2021-05-11 08:00,1004.1
156,堡林,2021-05-11 09:00,1004.2
156,堡林,2021-05-11 10:00,1004.2
156,堡林,2021-05-11 11:00,1003.9
156,堡林,2021-05-11 12:00,1003.5
156,堡林,2021-05-11 13:00,1003
156,堡林,2021-05-11 14:00,1002.3
156,堡林,2021-05-11 15:00,1002
156,堡林,2021-05-11 16:00,1002.2
156,堡林,2021-05-11 17:00,1002.4
156,堡林,2021-05-11 18:00,1002.6
156,堡林,2021-05-11 19:00,1002.8
156,堡林,2021-05-11 20:00,1003
156,堡林,2021-05-11 21:00,1003.1
156,堡林,2021-05-11 22:00,1003.3
156,堡林,2021-05-11 23:00,1003.6
156,堡林,2021-05-12 00:00,1003.4
156,堡林,2021-05-12 01:00,1003.7
156,堡林,2021-05-12 02:00,1003.4
156,堡林,2021-05-12 03:00,1003.2
156,堡林,2021-05-12 04:00,1003
156,堡林,2021-05-12 05:00,1002.6
156,堡林,2021-05-12 06:00,1002.8
156,堡林,2021-05-12 07:00,1003
156,堡林,2021-05-12 08:00,1003
156,堡林,2021-05-12 09:00,1003.1
156,堡林,2021-05-12 10:00,1003
156,堡林,2021-05-12 11:00,1002.4
156,堡林,2021-05-12 12:00,1001.7
156,堡林,2021-05-12 13:00,1001.3
156,堡林,2021-05-12 14:00,1000.8
156,堡林,2021-05-12 15:00,1000.3
156,堡林,2021-05-12 16:00,1000
156,堡林,2021-05-12 17:00,1000
156,堡林,2021-05-12 18:00,1000.2
156,堡林,2021-05-12 19:00,1000.7
156,堡林,2021-05-12 20:00,1001.5
156,堡林,2021-05-12 21:00,1002.7
156,堡林,2021-05-12 22:00,1003.7
156,堡林,2021-05-12 23:00,1003.7
156,堡林,2021-05-13 00:00,1003.7
156,堡林,2021-05-13 01:00,1003.3
156,堡林,2021-05-13 02:00,1003.2
156,堡林,2021-05-13 03:00,1003.3
156,堡林,2021-05-13 04:00,1003.4
156,堡林,2021-05-13 05:00,1003.3
156,堡林,2021-05-13 06:00,1003.8
156,堡林,2021-05-13 07:00,1004
156,堡林,2021-05-13 08:00,1004.2
156,堡林,2021-05-13 09:00,1004.1
156,堡林,2021-05-13 10:00,1003.9
156,堡林,2021-05-13 11:00,1003.6
156,堡林,2021-05-13 12:00,1002.9
156,堡林,2021-05-13 13:00,1002.2
156,堡林,2021-05-13 14:00,1002
156,堡林,2021-05-13 15:00,1001.5
156,堡林,2021-05-13 16:00,1001.1
156,堡林,2021-05-13 17:00,1001.4
156,堡林,2021-05-13 18:00,1001.3
156,堡林,2021-05-13 19:00,1002.1
156,堡林,2021-05-13 20:00,1002.7
156,堡林,2021-05-13 21:00,1003.4
156,堡林,2021-05-13 22:00,1004.1
156,堡林,2021-05-13 23:00,1004.3
156,堡林,2021-05-14 00:00,1004.4
156,堡林,2021-05-14 01:00,1004.7
156,堡林,2021-05-14 02:00,1004.7
156,堡林,2021-05-14 03:00,1004.5
156,堡林,2021-05-14 04:00,1004.1
156,堡林,2021-05-14 05:00,1004.5
156,堡林,2021-05-14 06:00,1004.8
156,堡林,2021-05-14 07:00,1004.5
156,堡林,2021-05-14 08:00,1004.5
156,堡林,2021-05-14 09:00,1004.1
156,堡林,2021-05-14 10:00,1003.9
156,堡林,2021-05-14 11:00,1003.3
156,堡林,2021-05-14 12:00,1002.7
156,堡林,2021-05-14 13:00,1002.4
156,堡林,2021-05-14 14:00,1002.2
156,堡林,2021-05-14 15:00,1002.1
156,堡林,2021-05-14 16:00,1002
156,堡林,2021-05-14 17:00,1001.8
156,堡林,2021-05-14 18:00,1001.8
156,堡林,2021-05-14 19:00,1001.7
156,堡林,2021-05-14 20:00,1001.7
156,堡林,2021-05-14 21:00,1001.6
156,堡林,2021-05-14 22:00,1001.8
156,堡林,2021-05-14 23:00,1001.9
156,堡林,2021-05-15 00:00,1001.9
156,堡林,2021-05-15 01:00,1001.5
156,堡林,2021-05-15 02:00,1001.1
156,堡林,2021-05-15 03:00,1000.9
156,堡林,2021-05-15 04:00,1000.6
156,堡林,2021-05-15 05:00,999.9
156,堡林,2021-05-15 06:00,1000
156,堡林,2021-05-15 07:00,999.4
156,堡林,2021-05-15 08:00,999.2
156,堡林,2021-05-15 09:00,999.4
156,堡林,2021-05-15 10:00,999
156,堡林,2021-05-15 11:00,998.9
156,堡林,2021-05-15 12:00,998.8
156,堡林,2021-05-15 13:00,998.6
156,堡林,2021-05-15 14:00,998.2
156,堡林,2021-05-15 15:00,997.9
156,堡林,2021-05-15 16:00,997.3
156,堡林,2021-05-15 17:00,996.9
156,堡林,2021-05-15 18:00,996.5
156,堡林,2021-05-15 19:00,996.9
156,堡林,2021-05-15 20:00,997.1
156,堡林,2021-05-15 21:00,997.6
156,堡林,2021-05-15 22:00,997.5
156,堡林,2021-05-15 23:00,996.9
156,堡林,2021-05-16 00:00,998.2
156,堡林,2021-05-16 01:00,996.3
156,堡林,2021-05-16 02:00,995.7
156,堡林,2021-05-16 03:00,994.7
156,堡林,2021-05-16 04:00,995.5
156,堡林,2021-05-16 05:00,994.6
156,堡林,2021-05-16 06:00,994.1
156,堡林,2021-05-16 07:00,994.6
156,堡林,2021-05-16 08:00,994.5
156,堡林,2021-05-16 09:00,995.2
156,堡林,2021-05-16 10:00,995.1
156,堡林,2021-05-16 11:00,994.8
156,堡林,2021-05-16 12:00,993.6
156,堡林,2021-05-16 13:00,993.7
156,堡林,2021-05-16 14:00,992.9
156,堡林,2021-05-16 15:00,992.8
156,堡林,2021-05-16 16:00,992.1
156,堡林,2021-05-16 17:00,992.4
156,堡林,2021-05-16 18:00,992.5
156,堡林,2021-05-16 19:00,992.9
156,堡林,2021-05-16 20:00,993
156,堡林,2021-05-16 21:00,994.2
156,堡林,2021-05-16 22:00,994.7
156,堡林,2021-05-16 23:00,994.8
156,堡林,2021-05-17 00:00,995.4
156,堡林,2021-05-17 01:00,996
156,堡林,2021-05-17 02:00,995.9
156,堡林,2021-05-17 03:00,996.2
156,堡林,2021-05-17 04:00,996.2
156,堡林,2021-05-17 05:00,996.7
156,堡林,2021-05-17 06:00,997.3
156,堡林,2021-05-17 07:00,997.7
156,堡林,2021-05-17 08:00,998.7
156,堡林,2021-05-17 09:00,999.4
156,堡林,2021-05-17 10:00,999.2
156,堡林,2021-05-17 11:00,999.8
156,堡林,2021-05-17 12:00,999.7
156,堡林,2021-05-17 13:00,999.9
156,堡林,2021-05-17 14:00,999.9
156,堡林,2021-05-17 15:00,999.8
156,堡林,2021-05-17 16:00,999.9
156,堡林,2021-05-17 17:00,1000
156,堡林,2021-05-17 18:00,999.7
156,堡林,2021-05-17 19:00,1000.4
156,堡林,2021-05-17 20:00,1001.4
156,堡林,2021-05-17 21:00,1001.7
156,堡林,2021-05-17 22:00,1002.3
156,堡林,2021-05-17 23:00,1002.3
156,堡林,2021-05-18 00:00,1002.2
156,堡林,2021-05-18 01:00,1001.5
156,堡林,2021-05-18 02:00,1001.7
156,堡林,2021-05-18 03:00,1002
156,堡林,2021-05-18 04:00,1001.8
156,堡林,2021-05-18 05:00,1001.9
156,堡林,2021-05-18 06:00,1002.5
156,堡林,2021-05-18 07:00,1003
156,堡林,2021-05-18 08:00,1003.8
156,堡林,2021-05-18 09:00,1003.4
156,堡林,2021-05-18 10:00,1003.1
156,堡林,2021-05-18 11:00,1002.7
156,堡林,2021-05-18 12:00,1002.6
156,堡林,2021-05-18 13:00,1003.2
156,堡林,2021-05-18 14:00,1002.2
156,堡林,2021-05-18 15:00,1001
156,堡林,2021-05-18 16:00,1000.9
156,堡林,2021-05-18 17:00,1001.3
156,堡林,2021-05-18 18:00,1001.7
156,堡林,2021-05-18 19:00,1002
156,堡林,2021-05-18 20:00,1002.2
156,堡林,2021-05-18 21:00,1002
156,堡林,2021-05-18 22:00,1002.9
156,堡林,2021-05-18 23:00,1003.1
156,堡林,2021-05-19 00:00,1003.2
156,堡林,2021-05-19 01:00,1003.4
156,堡林,2021-05-19 02:00,1003.5
156,堡林,2021-05-19 03:00,1003.8
156,堡林,2021-05-19 04:00,1004
156,堡林,2021-05-19 05:00,1003.7
156,堡林,2021-05-19 06:00,1003.9
156,堡林,2021-05-19 07:00,1004.4
156,堡林,2021-05-19 08:00,1004.4
156,堡林,2021-05-19 09:00,1004.5
156,堡林,2021-05-19 10:00,1004
156,堡林,2021-05-19 11:00,1004.2
156,堡林,2021-05-19 12:00,1003.7
156,堡林,2021-05-19 13:00,1003.1
156,堡林,2021-05-19 14:00,1002.6
156,堡林,2021-05-19 15:00,1002.1
156,堡林,2021-05-19 16:00,1001.2
156,堡林,2021-05-19 17:00,1001.2
156,堡林,2021-05-19 18:00,1001.1
156,堡林,2021-05-19 19:00,1002.1
156,堡林,2021-05-19 20:00,1002.3
156,堡林,2021-05-19 21:00,1003
156,堡林,2021-05-19 22:00,1003
156,堡林,2021-05-19 23:00,1003.4
156,堡林,2021-05-20 00:00,1003
156,堡林,2021-05-20 01:00,1002.2
156,堡林,2021-05-20 02:00,1001
156,堡林,2021-05-20 03:00,1000.2
156,堡林,2021-05-20 04:00,999.4
156,堡林,2021-05-20 05:00,999.2
156,堡林,2021-05-20 06:00,998.8
156,堡林,2021-05-20 07:00,999
156,堡林,2021-05-20 08:00,999.1
156,堡林,2021-05-20 09:00,998.1
156,堡林,2021-05-20 10:00,997.2
156,堡林,2021-05-20 11:00,996.4
156,堡林,2021-05-20 12:00,995.9
156,堡林,2021-05-20 13:00,994.7
156,堡林,2021-05-20 14:00,993.3
156,堡林,2021-05-20 15:00,993.2
156,堡林,2021-05-20 16:00,992.4
156,堡林,2021-05-20 17:00,992.6
156,堡林,2021-05-20 18:00,992.6
156,堡林,2021-05-20 19:00,993.4
156,堡林,2021-05-20 20:00,994.1
156,堡林,2021-05-20 21:00,994.9
156,堡林,2021-05-20 22:00,995.6
156,堡林,2021-05-20 23:00,995.7
156,堡林,2021-05-21 00:00,995.5
156,堡林,2021-05-21 01:00,995.3
156,堡林,2021-05-21 02:00,995.3
156,堡林,2021-05-21 03:00,995.5
156,堡林,2021-05-21 04:00,995.9
156,堡林,2021-05-21 05:00,996.8
156,堡林,2021-05-21 06:00,997.8
156,堡林,2021-05-21 07:00,998.4
156,堡林,2021-05-21 08:00,999.1
156,堡林,2021-05-21 09:00,999.6
156,堡林,2021-05-21 10:00,1000
156,堡林,2021-05-21 11:00,1000.1
156,堡林,2021-05-21 12:00,1000.2
156,堡林,2021-05-21 13:00,1000.1
156,堡林,2021-05-21 14:00,1000.2
156,堡林,2021-05-21 15:00,1000.1
156,堡林,2021-05-21 16:00,999.9
156,堡林,2021-05-21 17:00,1000.2
156,堡林,2021-05-21 18:00,1000.5
156,堡林,2021-05-21 19:00,1001.1
156,堡林,2021-05-21 20:00,1001.2
156,堡林,2021-05-21 21:00,1001.7
156,堡林,2021-05-21 22:00,1002.2
156,堡林,2021-05-21 23:00,1002.9
156,堡林,2021-05-22 00:00,1003.4
156,堡林,2021-05-22 01:00,1003.5
156,堡林,2021-05-22 02:00,1003.1
156,堡林,2021-05-22 03:00,1002.8
156,堡林,2021-05-22 04:00,1003.2
156,堡林,2021-05-22 05:00,1002.9
156,堡林,2021-05-22 06:00,1003.1
156,堡林,2021-05-22 07:00,1003.6
156,堡林,2021-05-22 08:00,1003.9
156,堡林,2021-05-22 09:00,1004
156,堡林,2021-05-22 10:00,1003.8
156,堡林,2021-05-22 11:00,1003.8
156,堡林,2021-05-22 12:00,1002.8
156,堡林,2021-05-22 13:00,1002.1
156,堡林,2021-05-22 14:00,1001.7
156,堡林,2021-05-22 15:00,1001
156,堡林,2021-05-22 16:00,1000.8
156,堡林,2021-05-22 17:00,1001.2
156,堡林,2021-05-22 18:00,1001.2
156,堡林,2021-05-22 19:00,1001.9
156,堡林,2021-05-22 20:00,1001.8
156,堡林,2021-05-22 21:00,1002.8
156,堡林,2021-05-22 22:00,1003.5
156,堡林,2021-05-22 23:00,1004
156,堡林,2021-05-23 00:00,1003.6
156,堡林,2021-05-23 01:00,1003.7
156,堡林,2021-05-23 02:00,1003.4
156,堡林,2021-05-23 03:00,1003.3
156,堡林,2021-05-23 04:00,1003.1
156,堡林,2021-05-23 05:00,1003.5
156,堡林,2021-05-23 06:00,1003.7
156,堡林,2021-05-23 07:00,1004.3
156,堡林,2021-05-23 08:00,1004.2
156,堡林,2021-05-23 09:00,1003.7
156,堡林,2021-05-23 10:00,1003.2
156,堡林,2021-05-23 11:00,1002.9
156,堡林,2021-05-23 12:00,1002.3
156,堡林,2021-05-23 13:00,1001.8
156,堡林,2021-05-23 14:00,1001.3
156,堡林,2021-05-23 15:00,1000.8
156,堡林,2021-05-23 16:00,1000.4
156,堡林,2021-05-23 17:00,1000.3
156,堡林,2021-05-23 18:00,1000.4
156,堡林,2021-05-23 19:00,1001
156,堡林,2021-05-23 20:00,1001.5
156,堡林,2021-05-23 21:00,1002.2
156,堡林,2021-05-23 22:00,1002.5
156,堡林,2021-05-23 23:00,1002.6
156,堡林,2021-05-24 00:00,1002
156,堡林,2021-05-24 01:00,1000.7
156,堡林,2021-05-24 02:00,1000.4
156,堡林,2021-05-24 03:00,1000.2
156,堡林,2021-05-24 04:00,1000.3
156,堡林,2021-05-24 05:00,1000.2
156,堡林,2021-05-24 06:00,1000.3
156,堡林,2021-05-24 07:00,1000.4
156,堡林,2021-05-24 08:00,1000.6
156,堡林,2021-05-24 09:00,1000.4
156,堡林,2021-05-24 10:00,1000.4
156,堡林,2021-05-24 11:00,1000.3
156,堡林,2021-05-24 12:00,999.6
156,堡林,2021-05-24 13:00,999.7
156,堡林,2021-05-24 14:00,999
156,堡林,2021-05-24 15:00,999.1
156,堡林,2021-05-24 16:00,999.1
156,堡林,2021-05-24 17:00,999
156,堡林,2021-05-24 18:00,999.4
156,堡林,2021-05-24 19:00,1000.2
156,堡林,2021-05-24 20:00,1000.9
156,堡林,2021-05-24 21:00,1001.8
156,堡林,2021-05-24 22:00,1002.6
156,堡林,2021-05-24 23:00,1002.6
156,堡林,2021-05-25 00:00,1002.5
156,堡林,2021-05-25 01:00,1002.1
156,堡林,2021-05-25 02:00,1001.2
156,堡林,2021-05-25 03:00,1000.5
156,堡林,2021-05-25 04:00,999.7
156,堡林,2021-05-25 05:00,999.5
156,堡林,2021-05-25 06:00,1000.2
156,堡林,2021-05-25 07:00,998.7
156,堡林,2021-05-25 08:00,1000.2
156,堡林,2021-05-25 09:00,999.3
156,堡林,2021-05-25 10:00,999
156,堡林,2021-05-25 11:00,999.2
156,堡林,2021-05-25 12:00,999.4
156,堡林,2021-05-25 13:00,999.9
156,堡林,2021-05-25 14:00,1000.3
156,堡林,2021-05-25 15:00,1000.8
156,堡林,2021-05-25 16:00,1000.7
156,堡林,2021-05-25 17:00,1000.7
156,堡林,2021-05-25 18:00,1000.8
156,堡林,2021-05-25 19:00,1001.6
156,堡林,2021-05-25 20:00,1002.2
156,堡林,2021-05-25 21:00,1002.6
156,堡林,2021-05-25 22:00,1002.8
156,堡林,2021-05-25 23:00,1003.1
156,堡林,2021-05-26 00:00,1003.3
156,堡林,2021-05-26 01:00,1003.6
156,堡林,2021-05-26 02:00,1003.6
156,堡林,2021-05-26 03:00,1003
156,堡林,2021-05-26 04:00,1003.1
156,堡林,2021-05-26 05:00,1003
156,堡林,2021-05-26 06:00,1003.8
156,堡林,2021-05-26 07:00,1003.4
156,堡林,2021-05-26 08:00,1003.5
156,堡林,2021-05-26 09:00,1003.2
156,堡林,2021-05-26 10:00,1003.3
156,堡林,2021-05-26 11:00,1002.4
156,堡林,2021-05-26 12:00,1001.8
156,堡林,2021-05-26 13:00,1001.6
156,堡林,2021-05-26 14:00,1000.5
156,堡林,2021-05-26 15:00,999.4
156,堡林,2021-05-26 16:00,998.7
156,堡林,2021-05-26 17:00,998.2
156,堡林,2021-05-26 18:00,998
156,堡林,2021-05-26 19:00,998.4
156,堡林,2021-05-26 20:00,998.5
156,堡林,2021-05-26 21:00,998.7
156,堡林,2021-05-26 22:00,998.6
156,堡林,2021-05-26 23:00,998.6
156,堡林,2021-05-27 00:00,998.3
156,堡林,2021-05-27 01:00,996.9
156,堡林,2021-05-27 02:00,996.3
156,堡林,2021-05-27 03:00,995.2
156,堡林,2021-05-27 04:00,994.6
156,堡林,2021-05-27 05:00,994.2
156,堡林,2021-05-27 06:00,993.6
156,堡林,2021-05-27 07:00,994.1
156,堡林,2021-05-27 08:00,994.5
156,堡林,2021-05-27 09:00,994.4
156,堡林,2021-05-27 10:00,994.5
156,堡林,2021-05-27 11:00,995
156,堡林,2021-05-27 12:00,994.9
156,堡林,2021-05-27 13:00,995.1
156,堡林,2021-05-27 14:00,994.9
156,堡林,2021-05-27 15:00,995.2
156,堡林,2021-05-27 16:00,995.6
156,堡林,2021-05-27 17:00,995.4
156,堡林,2021-05-27 18:00,995.8
156,堡林,2021-05-27 19:00,996.2
156,堡林,2021-05-27 20:00,996.3
156,堡林,2021-05-27 21:00,997.3
156,堡林,2021-05-27 22:00,998.3
156,堡林,2021-05-27 23:00,998.5
156,堡林,2021-05-28 00:00,998.4
156,堡林,2021-05-28 01:00,998.2
156,堡林,2021-05-28 02:00,997.8
156,堡林,2021-05-28 03:00,997.4
156,堡林,2021-05-28 04:00,996.8
156,堡林,2021-05-28 05:00,996.2
156,堡林,2021-05-28 06:00,996.2
156,堡林,2021-05-28 07:00,996.2
156,堡林,2021-05-28 08:00,995.7
156,堡林,2021-05-28 09:00,995.3
156,堡林,2021-05-28 10:00,994.1
156,堡林,2021-05-28 11:00,992.9
156,堡林,2021-05-28 12:00,992.4
156,堡林,2021-05-28 13:00,991.1
156,堡林,2021-05-28 14:00,991.6
156,堡林,2021-05-28 15:00,991.5
156,堡林,2021-05-28 16:00,992.2
156,堡林,2021-05-28 17:00,992.5
156,堡林,2021-05-28 18:00,992.8
156,堡林,2021-05-28 19:00,993.7
156,堡林,2021-05-28 20:00,995.1
156,堡林,2021-05-28 21:00,995.7
156,堡林,2021-05-28 22:00,996.6
156,堡林,2021-05-28 23:00,997.3
156,堡林,2021-05-29 00:00,997.3
156,堡林,2021-05-29 01:00,997.7
156,堡林,2021-05-29 02:00,998
156,堡林,2021-05-29 03:00,997.6
156,堡林,2021-05-29 04:00,997.6
156,堡林,2021-05-29 05:00,998
156,堡林,2021-05-29 06:00,998.3
156,堡林,2021-05-29 07:00,998.4
156,堡林,2021-05-29 08:00,998.8
156,堡林,2021-05-29 09:00,999.4
156,堡林,2021-05-29 10:00,999.8
156,堡林,2021-05-29 11:00,999.7
156,堡林,2021-05-29 12:00,999.3
156,堡林,2021-05-29 13:00,999
156,堡林,2021-05-29 14:00,998.8
156,堡林,2021-05-29 15:00,998.6
156,堡林,2021-05-29 16:00,998.2
156,堡林,2021-05-29 17:00,998.5
156,堡林,2021-05-29 18:00,998.6
156,堡林,2021-05-29 19:00,999.2
156,堡林,2021-05-29 20:00,999.5
156,堡林,2021-05-29 21:00,999.5
156,堡林,2021-05-29 22:00,1000.4
156,堡林,2021-05-29 23:00,1000.9
156,堡林,2021-05-30 00:00,1000.9
156,堡林,2021-05-30 01:00,1000.9
156,堡林,2021-05-30 02:00,1000.9
156,堡林,2021-05-30 03:00,1000.5
156,堡林,2021-05-30 04:00,1000.4
156,堡林,2021-05-30 05:00,1000.7
156,堡林,2021-05-30 06:00,1001.2
156,堡林,2021-05-30 07:00,1001.2
156,堡林,2021-05-30 08:00,1001.5
156,堡林,2021-05-30 09:00,1001.4
156,堡林,2021-05-30 10:00,1000.6
156,堡林,2021-05-30 11:00,1000.2
156,堡林,2021-05-30 12:00,999.9
156,堡林,2021-05-30 13:00,999.5
156,堡林,2021-05-30 14:00,999
156,堡林,2021-05-30 15:00,998.8
156,堡林,2021-05-30 16:00,999
156,堡林,2021-05-30 17:00,999.2
156,堡林,2021-05-30 18:00,999.7
156,堡林,2021-05-30 19:00,1000.1
156,堡林,2021-05-30 20:00,1000.8
156,堡林,2021-05-30 21:00,1001.1
156,堡林,2021-05-30 22:00,1001.2
156,堡林,2021-05-30 23:00,1001.9
156,堡林,2021-05-31 00:00,1002.3
156,堡林,2021-05-31 01:00,1001.6
156,堡林,2021-05-31 02:00,1001.7
156,堡林,2021-05-31 03:00,1001.1
156,堡林,2021-05-31 04:00,1001.4
156,堡林,2021-05-31 05:00,1002
156,堡林,2021-05-31 06:00,1002.5
156,堡林,2021-05-31 07:00,1002.9
156,堡林,2021-05-31 08:00,1003.1
156,堡林,2021-05-31 09:00,1002.9
156,堡林,2021-05-31 10:00,1002.6
156,堡林,2021-05-31 11:00,1002.6
156,堡林,2021-05-31 12:00,1002.4
156,堡林,2021-05-31 13:00,1002.2
156,堡林,2021-05-31 14:00,1001.8
156,堡林,2021-05-31 15:00,1001.7
156,堡林,2021-05-31 16:00,1001.5
156,堡林,2021-05-31 17:00,1001.9
156,堡林,2021-05-31 18:00,1002.2
156,堡林,2021-05-31 19:00,1002.9
156,堡林,2021-05-31 20:00,1003.7
156,堡林,2021-05-31 21:00,1004.1
156,堡林,2021-05-31 22:00,1004.5
156,堡林,2021-05-31 23:00,1004.3
156,堡林,2021-06-01 00:00,1003.6
156,堡林,2021-06-01 01:00,1003.5
156,堡林,2021-06-01 02:00,1004.5
156,堡林,2021-06-01 03:00,1004.7
156,堡林,2021-06-01 04:00,1004.5
156,堡林,2021-06-01 05:00,1005.2
156,堡林,2021-06-01 06:00,1005.4
156,堡林,2021-06-01 07:00,1005.8
156,堡林,2021-06-01 08:00,1006.6
156,堡林,2021-06-01 09:00,1006.9
156,堡林,2021-06-01 10:00,1006.4
156,堡林,2021-06-01 11:00,1005.4
156,堡林,2021-06-01 12:00,1005.5
156,堡林,2021-06-01 13:00,1005.4
156,堡林,2021-06-01 14:00,1005.7
156,堡林,2021-06-01 15:00,1005.1
156,堡林,2021-06-01 16:00,1005.2
156,堡林,2021-06-01 17:00,1005.2
156,堡林,2021-06-01 18:00,1005.6
156,堡林,2021-06-01 19:00,1005.8
156,堡林,2021-06-01 20:00,1006.1
156,堡林,2021-06-01 21:00,1006.4
156,堡林,2021-06-01 22:00,1006.1
156,堡林,2021-06-01 23:00,1006.1
156,堡林,2021-06-02 00:00,1005.3
156,堡林,2021-06-02 01:00,1005.3
156,堡林,2021-06-02 02:00,1005.2
156,堡林,2021-06-02 03:00,1005.2
156,堡林,2021-06-02 04:00,1005.4
156,堡林,2021-06-02 05:00,1005.7
156,堡林,2021-06-02 06:00,1006.3
156,堡林,2021-06-02 07:00,1006.4
156,堡林,2021-06-02 08:00,1006.3
156,堡林,2021-06-02 09:00,1006.4
156,堡林,2021-06-02 10:00,1006.1
156,堡林,2021-06-02 11:00,1005.6
156,堡林,2021-06-02 12:00,1005.2
156,堡林,2021-06-02 13:00,1005
156,堡林,2021-06-02 14:00,1004.4
156,堡林,2021-06-02 15:00,1004.2
156,堡林,2021-06-02 16:00,1004.1
156,堡林,2021-06-02 17:00,1003.4
156,堡林,2021-06-02 18:00,1003.5
156,堡林,2021-06-02 19:00,1004
156,堡林,2021-06-02 20:00,1003.5
156,堡林,2021-06-02 21:00,1003.5
156,堡林,2021-06-02 22:00,1004.1
156,堡林,2021-06-02 23:00,1004.2
156,堡林,2021-06-03 00:00,1003.2
156,堡林,2021-06-03 01:00,1001.9
156,堡林,2021-06-03 02:00,1002.4
156,堡林,2021-06-03 03:00,1001.2
156,堡林,2021-06-03 04:00,1000.4
156,堡林,2021-06-03 05:00,999.7
156,堡林,2021-06-03 06:00,999.3
156,堡林,2021-06-03 07:00,999.2
156,堡林,2021-06-03 08:00,998.7
156,堡林,2021-06-03 09:00,998.2
156,堡林,2021-06-03 10:00,997.2
156,堡林,2021-06-03 11:00,996.8
156,堡林,2021-06-03 12:00,995.3
156,堡林,2021-06-03 13:00,994.6
156,堡林,2021-06-03 14:00,993.7
156,堡林,2021-06-03 15:00,992.6
156,堡林,2021-06-03 16:00,991.9
156,堡林,2021-06-03 17:00,991.6
156,堡林,2021-06-03 18:00,991.5
156,堡林,2021-06-03 19:00,991.9
156,堡林,2021-06-03 20:00,992.4
156,堡林,2021-06-03 21:00,993.5
156,堡林,2021-06-03 22:00,994
156,堡林,2021-06-03 23:00,994
156,堡林,2021-06-04 00:00,993.9
156,堡林,2021-06-04 01:00,993.8
156,堡林,2021-06-04 02:00,993.6
156,堡林,2021-06-04 03:00,994
156,堡林,2021-06-04 04:00,994
156,堡林,2021-06-04 05:00,994.2
156,堡林,2021-06-04 06:00,994.5
156,堡林,2021-06-04 07:00,994.8
156,堡林,2021-06-04 08:00,995.6
156,堡林,2021-06-04 09:00,995.9
156,堡林,2021-06-04 10:00,995.6
156,堡林,2021-06-04 11:00,995.8
156,堡林,2021-06-04 12:00,995.6
156,堡林,2021-06-04 13:00,995.4
156,堡林,2021-06-04 14:00,995.1
156,堡林,2021-06-04 15:00,995.1
156,堡林,2021-06-04 16:00,995
156,堡林,2021-06-04 17:00,994.9
156,堡林,2021-06-04 18:00,995.1
156,堡林,2021-06-04 19:00,995.5
156,堡林,2021-06-04 20:00,995.9
156,堡林,2021-06-04 21:00,996.7
156,堡林,2021-06-04 22:00,997
156,堡林,2021-06-04 23:00,996.8
156,堡林,2021-06-05 00:00,996.6
156,堡林,2021-06-05 01:00,996.4
156,堡林,2021-06-05 02:00,996.1
156,堡林,2021-06-05 03:00,995.9
156,堡林,2021-06-05 04:00,995.6
156,堡林,2021-06-05 05:00,995.9
156,堡林,2021-06-05 06:00,996.2
156,堡林,2021-06-05 07:00,995.8
156,堡林,2021-06-05 08:00,996
156,堡林,2021-06-05 09:00,995.9
156,堡林,2021-06-05 10:00,995.9
156,堡林,2021-06-05 11:00,995.5
156,堡林,2021-06-05 12:00,995.1
156,堡林,2021-06-05 13:00,994.7
156,堡林,2021-06-05 14:00,994.4
156,堡林,2021-06-05 15:00,994
156,堡林,2021-06-05 16:00,993.9
156,堡林,2021-06-05 17:00,994
156,堡林,2021-06-05 18:00,993.9
156,堡林,2021-06-05 19:00,994.3
156,堡林,2021-06-05 20:00,994.9
156,堡林,2021-06-05 21:00,995.5
156,堡林,2021-06-05 22:00,996.5
156,堡林,2021-06-05 23:00,997.1
156,堡林,2021-06-06 00:00,997.2
156,堡林,2021-06-06 01:00,997.3
156,堡林,2021-06-06 02:00,997.1
156,堡林,2021-06-06 03:00,997.2
156,堡林,2021-06-06 04:00,997.4
156,堡林,2021-06-06 05:00,997.6
156,堡林,2021-06-06 06:00,997.9
156,堡林,2021-06-06 07:00,998.7
156,堡林,2021-06-06 08:00,998.6
156,堡林,2021-06-06 09:00,999.1
156,堡林,2021-06-06 10:00,999.5
156,堡林,2021-06-06 11:00,999.4
156,堡林,2021-06-06 12:00,999.3
156,堡林,2021-06-06 13:00,999.2
156,堡林,2021-06-06 14:00,999
156,堡林,2021-06-06 15:00,999.2
156,堡林,2021-06-06 16:00,999.1
156,堡林,2021-06-06 17:00,999.4
156,堡林,2021-06-06 18:00,1000.1
156,堡林,2021-06-06 19:00,1000.8
156,堡林,2021-06-06 20:00,1001.3
156,堡林,2021-06-06 21:00,1002
156,堡林,2021-06-06 22:00,1003.2
156,堡林,2021-06-06 23:00,1003.9
156,堡林,2021-06-07 00:00,1004.2
156,堡林,2021-06-07 01:00,1004.2
156,堡林,2021-06-07 02:00,1004
156,堡林,2021-06-07 03:00,1004.2
156,堡林,2021-06-07 04:00,1004.3
156,堡林,2021-06-07 05:00,1004.7
156,堡林,2021-06-07 06:00,1005.1
156,堡林,2021-06-07 07:00,1005.8
156,堡林,2021-06-07 08:00,1006
156,堡林,2021-06-07 09:00,1006.4
156,堡林,2021-06-07 10:00,1006.6
156,堡林,2021-06-07 11:00,1006.5
156,堡林,2021-06-07 12:00,1006.3
156,堡林,2021-06-07 13:00,1006
156,堡林,2021-06-07 14:00,1005.7
156,堡林,2021-06-07 15:00,1005.2
156,堡林,2021-06-07 16:00,1004.9
156,堡林,2021-06-07 17:00,1004.4
156,堡林,2021-06-07 18:00,1004.5
156,堡林,2021-06-07 19:00,1004.8
156,堡林,2021-06-07 20:00,1005.7
156,堡林,2021-06-07 21:00,1006.4
156,堡林,2021-06-07 22:00,1006.8
156,堡林,2021-06-07 23:00,1006.8
156,堡林,2021-06-08 00:00,1006.7
156,堡林,2021-06-08 01:00,1006.7
156,堡林,2021-06-08 02:00,1006.5
156,堡林,2021-06-08 03:00,1006.7
156,堡林,2021-06-08 04:00,1007
156,堡林,2021-06-08 05:00,1006.9
156,堡林,2021-06-08 06:00,1007.2
156,堡林,2021-06-08 07:00,1007.2
156,堡林,2021-06-08 08:00,1007.7
156,堡林,2021-06-08 09:00,1007.7
156,堡林,2021-06-08 10:00,1007.9
156,堡林,2021-06-08 11:00,1007.7
156,堡林,2021-06-08 12:00,1007.5
156,堡林,2021-06-08 13:00,1007.1
156,堡林,2021-06-08 14:00,1006.7
156,堡林,2021-06-08 15:00,1006.2
156,堡林,2021-06-08 16:00,1005.6
156,堡林,2021-06-08 17:00,1005.5
156,堡林,2021-06-08 18:00,1005.3
156,堡林,2021-06-08 19:00,1005.4
156,堡林,2021-06-08 20:00,1005.7
156,堡林,2021-06-08 21:00,1006.3
156,堡林,2021-06-08 22:00,1006.8
156,堡林,2021-06-08 23:00,1007
156,堡林,2021-06-09 00:00,1006.7
156,堡林,2021-06-09 01:00,1006.5
156,堡林,2021-06-09 02:00,1006.3
156,堡林,2021-06-09 03:00,1006
156,堡林,2021-06-09 04:00,1006.6
156,堡林,2021-06-09 05:00,1006.9
156,堡林,2021-06-09 06:00,1007.5
156,堡林,2021-06-09 07:00,1007.4
156,堡林,2021-06-09 08:00,1007.8
156,堡林,2021-06-09 09:00,1007.8
156,堡林,2021-06-09 10:00,1007.6
156,堡林,2021-06-09 11:00,1007.6
156,堡林,2021-06-09 12:00,1007.1
156,堡林,2021-06-09 13:00,1006.5
156,堡林,2021-06-09 14:00,1005.5
156,堡林,2021-06-09 15:00,1005.2
156,堡林,2021-06-09 16:00,1004.9
156,堡林,2021-06-09 17:00,1005.3
156,堡林,2021-06-09 18:00,1005.6
156,堡林,2021-06-09 19:00,1006
156,堡林,2021-06-09 20:00,1005.9
156,堡林,2021-06-09 21:00,1006.2
156,堡林,2021-06-09 22:00,1006.7
156,堡林,2021-06-09 23:00,1006.5
156,堡林,2021-06-10 00:00,1006.3
156,堡林,2021-06-10 01:00,1006.3
156,堡林,2021-06-10 02:00,1005.9
156,堡林,2021-06-10 03:00,1005.3
156,堡林,2021-06-10 04:00,1005
156,堡林,2021-06-10 05:00,1004.9
156,堡林,2021-06-10 06:00,1004.6
156,堡林,2021-06-10 07:00,1005
156,堡林,2021-06-10 08:00,1004.9
156,堡林,2021-06-10 09:00,1005
156,堡林,2021-06-10 10:00,1004.9
156,堡林,2021-06-10 11:00,1004.5
156,堡林,2021-06-10 12:00,1004.2
156,堡林,2021-06-10 13:00,1004
156,堡林,2021-06-10 14:00,1003.7
156,堡林,2021-06-10 15:00,1003.6
156,堡林,2021-06-10 16:00,1002.9
156,堡林,2021-06-10 17:00,1002.7
156,堡林,2021-06-10 18:00,1002.6
156,堡林,2021-06-10 19:00,1002.1
156,堡林,2021-06-10 20:00,1001.6
156,堡林,2021-06-10 21:00,1001.6
156,堡林,2021-06-10 22:00,1001.5
156,堡林,2021-06-10 23:00,1001.8
156,堡林,2021-06-11 00:00,1001.5
156,堡林,2021-06-11 01:00,1001.6
156,堡林,2021-06-11 02:00,1001.1
156,堡林,2021-06-11 03:00,1000.2
156,堡林,2021-06-11 04:00,1000.1
156,堡林,2021-06-11 05:00,1000.9
156,堡林,2021-06-11 06:00,1001
156,堡林,2021-06-11 07:00,1001.1
156,堡林,2021-06-11 08:00,1001.6
156,堡林,2021-06-11 09:00,1002
156,堡林,2021-06-11 10:00,1002.3
156,堡林,2021-06-11 11:00,1002.2
156,堡林,2021-06-11 12:00,1002.2
156,堡林,2021-06-11 13:00,1001.8
156,堡林,2021-06-11 14:00,1001.6
156,堡林,2021-06-11 15:00,1001.4
156,堡林,2021-06-11 16:00,1000.9
156,堡林,2021-06-11 17:00,1001
156,堡林,2021-06-11 18:00,1001.1
156,堡林,2021-06-11 19:00,1001.5
156,堡林,2021-06-11 20:00,1002.2
156,堡林,2021-06-11 21:00,1002.8
156,堡林,2021-06-11 22:00,1003.5
156,堡林,2021-06-11 23:00,1003.6
156,堡林,2021-06-12 00:00,1003.8
156,堡林,2021-06-12 01:00,1003.7
156,堡林,2021-06-12 02:00,1003.7
156,堡林,2021-06-12 03:00,1003.1
156,堡林,2021-06-12 04:00,1003.1
156,堡林,2021-06-12 05:00,1003.3
156,堡林,2021-06-12 06:00,1003.5
156,堡林,2021-06-12 07:00,1003.9
156,堡林,2021-06-12 08:00,1004.2
156,堡林,2021-06-12 09:00,1004.3
156,堡林,2021-06-12 10:00,1003.9
156,堡林,2021-06-12 11:00,1003.7
156,堡林,2021-06-12 12:00,1003.3
156,堡林,2021-06-12 13:00,1002.5
156,堡林,2021-06-12 14:00,1002.2
156,堡林,2021-06-12 15:00,1001.7
156,堡林,2021-06-12 16:00,1001.5
156,堡林,2021-06-12 17:00,1001.2
156,堡林,2021-06-12 18:00,1001.2
156,堡林,2021-06-12 19:00,1001.2
156,堡林,2021-06-12 20:00,1001.7
156,堡林,2021-06-12 21:00,1002.2
156,堡林,2021-06-12 22:00,1002.7
156,堡林,2021-06-12 23:00,1002.9
156,堡林,2021-06-13 00:00,1003.1
156,堡林,2021-06-13 01:00,1003.1
156,堡林,2021-06-13 02:00,1002.7
156,堡林,2021-06-13 03:00,1002.9
156,堡林,2021-06-13 04:00,1003.1
156,堡林,2021-06-13 05:00,1003
156,堡林,2021-06-13 06:00,1002.4
156,堡林,2021-06-13 07:00,1002.2
156,堡林,2021-06-13 08:00,1002.3
156,堡林,2021-06-13 09:00,1002.4
156,堡林,2021-06-13 10:00,1001.8
156,堡林,2021-06-13 11:00,1001.8
156,堡林,2021-06-13 12:00,1001
156,堡林,2021-06-13 13:00,1000.1
156,堡林,2021-06-13 14:00,999
156,堡林,2021-06-13 15:00,998.5
156,堡林,2021-06-13 16:00,998.2
156,堡林,2021-06-13 17:00,997.8
156,堡林,2021-06-13 18:00,997.9
156,堡林,2021-06-13 19:00,998.6
156,堡林,2021-06-13 20:00,998.9
156,堡林,2021-06-13 21:00,999.4
156,堡林,2021-06-13 22:00,999.8
156,堡林,2021-06-13 23:00,999.4
156,堡林,2021-06-14 00:00,999.3
156,堡林,2021-06-14 01:00,999
156,堡林,2021-06-14 02:00,999
156,堡林,2021-06-14 03:00,998.3
156,堡林,2021-06-14 04:00,998.5
156,堡林,2021-06-14 05:00,999.6
156,堡林,2021-06-14 06:00,999.3
156,堡林,2021-06-14 07:00,998.9
156,堡林,2021-06-14 08:00,998.8
156,堡林,2021-06-14 09:00,998.6
156,堡林,2021-06-14 10:00,998.3
156,堡林,2021-06-14 11:00,998.5
156,堡林,2021-06-14 12:00,997.9
156,堡林,2021-06-14 13:00,997.3
156,堡林,2021-06-14 14:00,997.4
156,堡林,2021-06-14 15:00,997.2
156,堡林,2021-06-14 16:00,997
156,堡林,2021-06-14 17:00,996.4
156,堡林,2021-06-14 18:00,996.2
156,堡林,2021-06-14 19:00,996.5
156,堡林,2021-06-14 20:00,996.6
156,堡林,2021-06-14 21:00,997.3
156,堡林,2021-06-14 22:00,997.1
156,堡林,2021-06-14 23:00,997.4
156,堡林,2021-06-15 00:00,997.4
156,堡林,2021-06-15 01:00,997.3
156,堡林,2021-06-15 02:00,996.6
156,堡林,2021-06-15 03:00,996
156,堡林,2021-06-15 04:00,995.6
156,堡林,2021-06-15 05:00,995.4
156,堡林,2021-06-15 06:00,995.7
156,堡林,2021-06-15 07:00,995.8
156,堡林,2021-06-15 08:00,995.8
156,堡林,2021-06-15 09:00,996.2
156,堡林,2021-06-15 10:00,996.2
156,堡林,2021-06-15 11:00,995.8
156,堡林,2021-06-15 12:00,994.8
156,堡林,2021-06-15 13:00,994.1
156,堡林,2021-06-15 14:00,994
156,堡林,2021-06-15 15:00,993.5
156,堡林,2021-06-15 16:00,993.3
156,堡林,2021-06-15 17:00,992.7
156,堡林,2021-06-15 18:00,992.2
156,堡林,2021-06-15 19:00,992.7
156,堡林,2021-06-15 20:00,992.8
156,堡林,2021-06-15 21:00,992.9
156,堡林,2021-06-15 22:00,993.1
156,堡林,2021-06-15 23:00,993.2
156,堡林,2021-06-16 00:00,992.9
156,堡林,2021-06-16 01:00,992.8
156,堡林,2021-06-16 02:00,992.6
156,堡林,2021-06-16 03:00,992.1
156,堡林,2021-06-16 04:00,992.1
156,堡林,2021-06-16 05:00,992.3
156,堡林,2021-06-16 06:00,992.9
156,堡林,2021-06-16 07:00,993.8
156,堡林,2021-06-16 08:00,994.1
156,堡林,2021-06-16 09:00,994.4
156,堡林,2021-06-16 10:00,994.4
156,堡林,2021-06-16 11:00,994.1
156,堡林,2021-06-16 12:00,994.5
156,堡林,2021-06-16 13:00,994.7
156,堡林,2021-06-16 14:00,994.6
156,堡林,2021-06-16 15:00,994.9
156,堡林,2021-06-16 16:00,994.7
156,堡林,2021-06-16 17:00,995
156,堡林,2021-06-16 18:00,995.4
156,堡林,2021-06-16 19:00,996.2
156,堡林,2021-06-16 20:00,997
156,堡林,2021-06-16 21:00,997.4
156,堡林,2021-06-16 22:00,997.6
156,堡林,2021-06-16 23:00,997.7
156,堡林,2021-06-17 00:00,997.7
156,堡林,2021-06-17 01:00,997.9
156,堡林,2021-06-17 02:00,997.3
156,堡林,2021-06-17 03:00,997.4
156,堡林,2021-06-17 04:00,997.7
156,堡林,2021-06-17 05:00,998
156,堡林,2021-06-17 06:00,998.3
156,堡林,2021-06-17 07:00,998.7
156,堡林,2021-06-17 08:00,998.6
156,堡林,2021-06-17 09:00,998.8
156,堡林,2021-06-17 10:00,998.3
156,堡林,2021-06-17 11:00,998.1
156,堡林,2021-06-17 12:00,998
156,堡林,2021-06-17 13:00,997.8
156,堡林,2021-06-17 14:00,997.6
156,堡林,2021-06-17 15:00,997.5
156,堡林,2021-06-17 16:00,997.3
156,堡林,2021-06-17 17:00,997.1
156,堡林,2021-06-17 18:00,997.4
156,堡林,2021-06-17 19:00,997.2
156,堡林,2021-06-17 20:00,997.3
156,堡林,2021-06-17 21:00,997.7
156,堡林,2021-06-17 22:00,997.6
156,堡林,2021-06-17 23:00,997.4
156,堡林,2021-06-18 00:00,997.2
156,堡林,2021-06-18 01:00,997.1
156,堡林,2021-06-18 02:00,996.4
156,堡林,2021-06-18 03:00,995.8
156,堡林,2021-06-18 04:00,995.7
156,堡林,2021-06-18 05:00,995.8
156,堡林,2021-06-18 06:00,995.3
156,堡林,2021-06-18 07:00,995.6
156,堡林,2021-06-18 08:00,996
156,堡林,2021-06-18 09:00,995.7
156,堡林,2021-06-18 10:00,995.4
156,堡林,2021-06-18 11:00,994.9
156,堡林,2021-06-18 12:00,994.7
156,堡林,2021-06-18 13:00,994
156,堡林,2021-06-18 14:00,993.3
156,堡林,2021-06-18 15:00,993.2
156,堡林,2021-06-18 16:00,992.9
156,堡林,2021-06-18 17:00,992.9
156,堡林,2021-06-18 18:00,992.6
156,堡林,2021-06-18 19:00,993.5
156,堡林,2021-06-18 20:00,994
156,堡林,2021-06-18 21:00,993.9
156,堡林,2021-06-18 22:00,994.2
156,堡林,2021-06-18 23:00,994.1
156,堡林,2021-06-19 00:00,994.1
156,堡林,2021-06-19 01:00,994.1
156,堡林,2021-06-19 02:00,994
156,堡林,2021-06-19 03:00,993.8
156,堡林,2021-06-19 04:00,993.5
156,堡林,2021-06-19 05:00,993.7
156,堡林,2021-06-19 06:00,993.7
156,堡林,2021-06-19 07:00,993.9
156,堡林,2021-06-19 08:00,994.4
156,堡林,2021-06-19 09:00,994.6
156,堡林,2021-06-19 10:00,994.2
156,堡林,2021-06-19 11:00,994
156,堡林,2021-06-19 12:00,993.3
156,堡林,2021-06-19 13:00,992.8
156,堡林,2021-06-19 14:00,992.8
156,堡林,2021-06-19 15:00,992.3
156,堡林,2021-06-19 16:00,992.1
156,堡林,2021-06-19 17:00,992.4
156,堡林,2021-06-19 18:00,992.3
156,堡林,2021-06-19 19:00,992.5
156,堡林,2021-06-19 20:00,993.1
156,堡林,2021-06-19 21:00,993.8
156,堡林,2021-06-19 22:00,994.6
156,堡林,2021-06-19 23:00,994.8
156,堡林,2021-06-20 00:00,994.4
156,堡林,2021-06-20 01:00,994.4
156,堡林,2021-06-20 02:00,994.2
156,堡林,2021-06-20 03:00,993.9
156,堡林,2021-06-20 04:00,994
156,堡林,2021-06-20 05:00,994.1
156,堡林,2021-06-20 06:00,994.2
156,堡林,2021-06-20 07:00,994.6
156,堡林,2021-06-20 08:00,995.1
156,堡林,2021-06-20 09:00,995.4
156,堡林,2021-06-20 10:00,995.1
156,堡林,2021-06-20 11:00,994.9
156,堡林,2021-06-20 12:00,994.9
156,堡林,2021-06-20 13:00,994.5
156,堡林,2021-06-20 14:00,994.2
156,堡林,2021-06-20 15:00,993.9
156,堡林,2021-06-20 16:00,994
156,堡林,2021-06-20 17:00,993.8
156,堡林,2021-06-20 18:00,993.8
156,堡林,2021-06-20 19:00,994.2
156,堡林,2021-06-20 20:00,994.5
156,堡林,2021-06-20 21:00,995.1
156,堡林,2021-06-20 22:00,995.7
156,堡林,2021-06-20 23:00,996
156,堡林,2021-06-21 00:00,996.1
156,堡林,2021-06-21 01:00,995.4
156,堡林,2021-06-21 02:00,995.1
156,堡林,2021-06-21 03:00,994.9
156,堡林,2021-06-21 04:00,995.1
156,堡林,2021-06-21 05:00,995.5
156,堡林,2021-06-21 06:00,995.9
156,堡林,2021-06-21 07:00,996.4
156,堡林,2021-06-21 08:00,996.5
156,堡林,2021-06-21 09:00,996.7
156,堡林,2021-06-21 10:00,996.6
156,堡林,2021-06-21 11:00,996.8
156,堡林,2021-06-21 12:00,996.5
156,堡林,2021-06-21 13:00,996.1
156,堡林,2021-06-21 14:00,996
156,堡林,2021-06-21 15:00,995.7
156,堡林,2021-06-21 16:00,996
156,堡林,2021-06-21 17:00,996.3
156,堡林,2021-06-21 18:00,996.3
156,堡林,2021-06-21 19:00,996.9
156,堡林,2021-06-21 20:00,997.2
156,堡林,2021-06-21 21:00,997.9
156,堡林,2021-06-21 22:00,998.5
156,堡林,2021-06-21 23:00,998.8
156,堡林,2021-06-22 00:00,998.7
156,堡林,2021-06-22 01:00,998.9
156,堡林,2021-06-22 02:00,998.8
156,堡林,2021-06-22 03:00,999.1
156,堡林,2021-06-22 04:00,999.6
156,堡林,2021-06-22 05:00,1000.3
156,堡林,2021-06-22 06:00,1000.5
156,堡林,2021-06-22 07:00,1000.5
156,堡林,2021-06-22 08:00,1000.8
156,堡林,2021-06-22 09:00,1001.1
156,堡林,2021-06-22 10:00,1000.9
156,堡林,2021-06-22 11:00,1000.5
156,堡林,2021-06-22 12:00,1000.4
156,堡林,2021-06-22 13:00,1000.7
156,堡林,2021-06-22 14:00,1000
156,堡林,2021-06-22 15:00,999.8
156,堡林,2021-06-22 16:00,998.9
156,堡林,2021-06-22 17:00,999.2
156,堡林,2021-06-22 18:00,999.1
156,堡林,2021-06-22 19:00,999.7
156,堡林,2021-06-22 20:00,1000.1
156,堡林,2021-06-22 21:00,1001.1
156,堡林,2021-06-22 22:00,1001.7
156,堡林,2021-06-22 23:00,1001.8
156,堡林,2021-06-23 00:00,1001.7
156,堡林,2021-06-23 01:00,1001.6
156,堡林,2021-06-23 02:00,1001.5
156,堡林,2021-06-23 03:00,1001.4
156,堡林,2021-06-23 04:00,1001.4
156,堡林,2021-06-23 05:00,1001.6
156,堡林,2021-06-23 06:00,1001.6
156,堡林,2021-06-23 07:00,1001.8
156,堡林,2021-06-23 08:00,1002.6
156,堡林,2021-06-23 09:00,1002.4
156,堡林,2021-06-23 10:00,1002.1
156,堡林,2021-06-23 11:00,1002.3
156,堡林,2021-06-23 12:00,1002.1
156,堡林,2021-06-23 13:00,1001.4
156,堡林,2021-06-23 14:00,1001.3
156,堡林,2021-06-23 15:00,1001.4
156,堡林,2021-06-23 16:00,1001.3
156,堡林,2021-06-23 17:00,1001
156,堡林,2021-06-23 18:00,1001.2
156,堡林,2021-06-23 19:00,1001.8
156,堡林,2021-06-23 20:00,1002.5
156,堡林,2021-06-23 21:00,1003.3
156,堡林,2021-06-23 22:00,1003.7
156,堡林,2021-06-23 23:00,1003.9
156,堡林,2021-06-24 00:00,1003.7
156,堡林,2021-06-24 01:00,1003.8
156,堡林,2021-06-24 02:00,1003.4
156,堡林,2021-06-24 03:00,1003.1
156,堡林,2021-06-24 04:00,1003.3
156,堡林,2021-06-24 05:00,1003.5
156,堡林,2021-06-24 06:00,1003.7
156,堡林,2021-06-24 07:00,1003.7
156,堡林,2021-06-24 08:00,1004.4
156,堡林,2021-06-24 09:00,1004.2
156,堡林,2021-06-24 10:00,1004
156,堡林,2021-06-24 11:00,1003.9
156,堡林,2021-06-24 12:00,1003.6
156,堡林,2021-06-24 13:00,1003
156,堡林,2021-06-24 14:00,1002.8
156,堡林,2021-06-24 15:00,1002.4
156,堡林,2021-06-24 16:00,1002.1
156,堡林,2021-06-24 17:00,1001.9
156,堡林,2021-06-24 18:00,1002
156,堡林,2021-06-24 19:00,1002.5
156,堡林,2021-06-24 20:00,1002.5
156,堡林,2021-06-24 21:00,1003
156,堡林,2021-06-24 22:00,1003.9
156,堡林,2021-06-24 23:00,1003.9
156,堡林,2021-06-25 00:00,1003.9
156,堡林,2021-06-25 01:00,1003.9
156,堡林,2021-06-25 02:00,1003.6
156,堡林,2021-06-25 03:00,1003.4
156,堡林,2021-06-25 04:00,1003.5
156,堡林,2021-06-25 05:00,1003.4
156,堡林,2021-06-25 06:00,1003.7
156,堡林,2021-06-25 07:00,1004
156,堡林,2021-06-25 08:00,1004.2
156,堡林,2021-06-25 09:00,1003.8
156,堡林,2021-06-25 10:00,1003.6
156,堡林,2021-06-25 11:00,1003
156,堡林,2021-06-25 12:00,1002.7
156,堡林,2021-06-25 13:00,1002
156,堡林,2021-06-25 14:00,1001.7
156,堡林,2021-06-25 15:00,1001.1
156,堡林,2021-06-25 16:00,1001
156,堡林,2021-06-25 17:00,1000.8
156,堡林,2021-06-25 18:00,1001
156,堡林,2021-06-25 19:00,1001.4
156,堡林,2021-06-25 20:00,1002.3
156,堡林,2021-06-25 21:00,1002.7
156,堡林,2021-06-25 22:00,1003.1
156,堡林,2021-06-25 23:00,1003.4
156,堡林,2021-06-26 00:00,1003.5
156,堡林,2021-06-26 01:00,1003.1
156,堡林,2021-06-26 02:00,1002.8
156,堡林,2021-06-26 03:00,1002.4
156,堡林,2021-06-26 04:00,1002.3
156,堡林,2021-06-26 05:00,1002.3
156,堡林,2021-06-26 06:00,1002.7
156,堡林,2021-06-26 07:00,1003
156,堡林,2021-06-26 08:00,1003.1
156,堡林,2021-06-26 09:00,1003.1
156,堡林,2021-06-26 10:00,1002.8
156,堡林,2021-06-26 11:00,1002.5
156,堡林,2021-06-26 12:00,1001.9
156,堡林,2021-06-26 13:00,1001.3
156,堡林,2021-06-26 14:00,1001
156,堡林,2021-06-26 15:00,1000.6
156,堡林,2021-06-26 16:00,1000.5
156,堡林,2021-06-26 17:00,1000.3
156,堡林,2021-06-26 18:00,1000.2
156,堡林,2021-06-26 19:00,1000.7
156,堡林,2021-06-26 20:00,1001.1
156,堡林,2021-06-26 21:00,1001.6
156,堡林,2021-06-26 22:00,1001.9
156,堡林,2021-06-26 23:00,1001.9
156,堡林,2021-06-27 00:00,1001.5
156,堡林,2021-06-27 01:00,1000.9
156,堡林,2021-06-27 02:00,1000.4
156,堡林,2021-06-27 03:00,1000.5
156,堡林,2021-06-27 04:00,1000.3
156,堡林,2021-06-27 05:00,1000.2
156,堡林,2021-06-27 06:00,1000.2
156,堡林,2021-06-27 07:00,1000.1
156,堡林,2021-06-27 08:00,1000.2
156,堡林,2021-06-27 09:00,1000
156,堡林,2021-06-27 10:00,999.7
156,堡林,2021-06-27 11:00,999.4
156,堡林,2021-06-27 12:00,999
156,堡林,2021-06-27 13:00,998.3
156,堡林,2021-06-27 14:00,997.9
156,堡林,2021-06-27 15:00,997.6
156,堡林,2021-06-27 16:00,997
156,堡林,2021-06-27 17:00,997
156,堡林,2021-06-27 18:00,997.2
156,堡林,2021-06-27 19:00,997.4
156,堡林,2021-06-27 20:00,997.5
156,堡林,2021-06-27 21:00,997.8
156,堡林,2021-06-27 22:00,998.3
156,堡林,2021-06-27 23:00,998.2
156,堡林,2021-06-28 00:00,998
156,堡林,2021-06-28 01:00,998.1
156,堡林,2021-06-28 02:00,997.7
156,堡林,2021-06-28 03:00,997.4
156,堡林,2021-06-28 04:00,997.6
156,堡林,2021-06-28 05:00,997.7
156,堡林,2021-06-28 06:00,997.8
156,堡林,2021-06-28 07:00,997.6
156,堡林,2021-06-28 08:00,997.3
156,堡林,2021-06-28 09:00,997.2
156,堡林,2021-06-28 10:00,997.2
156,堡林,2021-06-28 11:00,996.8
156,堡林,2021-06-28 12:00,996.3
156,堡林,2021-06-28 13:00,995.7
156,堡林,2021-06-28 14:00,995.3
156,堡林,2021-06-28 15:00,995.9
156,堡林,2021-06-28 16:00,996.5
156,堡林,2021-06-28 17:00,995.9
156,堡林,2021-06-28 18:00,995.9
156,堡林,2021-06-28 19:00,996
156,堡林,2021-06-28 20:00,996.4
156,堡林,2021-06-28 21:00,996.9
156,堡林,2021-06-28 22:00,997.3
156,堡林,2021-06-28 23:00,997.5
156,堡林,2021-06-29 00:00,997.4
156,堡林,2021-06-29 01:00,997.4
156,堡林,2021-06-29 02:00,997.3
156,堡林,2021-06-29 03:00,997.3
156,堡林,2021-06-29 04:00,997.5
156,堡林,2021-06-29 05:00,997.6
156,堡林,2021-06-29 06:00,997.6
156,堡林,2021-06-29 07:00,998
156,堡林,2021-06-29 08:00,998.2
156,堡林,2021-06-29 09:00,998.2
156,堡林,2021-06-29 10:00,997.9
156,堡林,2021-06-29 11:00,998.4
156,堡林,2021-06-29 12:00,998
156,堡林,2021-06-29 13:00,997.5
156,堡林,2021-06-29 14:00,997.1
156,堡林,2021-06-29 15:00,997
156,堡林,2021-06-29 16:00,996.5
156,堡林,2021-06-29 17:00,996.7
156,堡林,2021-06-29 18:00,996.8
156,堡林,2021-06-29 19:00,997.6
156,堡林,2021-06-29 20:00,998.1
156,堡林,2021-06-29 21:00,998.8
156,堡林,2021-06-29 22:00,999.3
156,堡林,2021-06-29 23:00,999.4
156,堡林,2021-06-30 00:00,999.2
156,堡林,2021-06-30 01:00,998.9
156,堡林,2021-06-30 02:00,998.7
156,堡林,2021-06-30 03:00,998.2
156,堡林,2021-06-30 04:00,998.8
156,堡林,2021-06-30 05:00,998.9
156,堡林,2021-06-30 06:00,999
156,堡林,2021-06-30 07:00,999.4
156,堡林,2021-06-30 08:00,999.1
156,堡林,2021-06-30 09:00,999.8
156,堡林,2021-06-30 10:00,1000
156,堡林,2021-06-30 11:00,1000.1
156,堡林,2021-06-30 12:00,999.7
156,堡林,2021-06-30 13:00,998.9
156,堡林,2021-06-30 14:00,998.5
156,堡林,2021-06-30 15:00,998.2
156,堡林,2021-06-30 16:00,998.1
156,堡林,2021-06-30 17:00,997.6
156,堡林,2021-06-30 18:00,997.4
156,堡林,2021-06-30 19:00,997.7
156,堡林,2021-06-30 20:00,997.6
156,堡林,2021-06-30 21:00,998.3
156,堡林,2021-06-30 22:00,998.7
156,堡林,2021-06-30 23:00,999.1
